{
    "HT": {
        "acc": [
            0.0,
            0.74,
            0.725,
            0.7166666666666667,
            0.71,
            0.692,
            0.695,
            0.69,
            0.6925,
            0.6955555555555556,
            0.69,
            0.6936363636363636,
            0.6866666666666666,
            0.6838461538461539,
            0.6864285714285714,
            0.6873333333333334,
            0.683125,
            0.6829411764705883,
            0.685,
            0.6847368421052632,
            0.686,
            0.6857142857142857,
            0.6859090909090909,
            0.6839130434782609,
            0.6875,
            0.686,
            0.685,
            0.6851851851851852,
            0.6846428571428571,
            0.6820689655172414
        ],
        "kappa": [
            0.0,
            0.12868632707774763,
            0.061433447098976156,
            0.03918613413715143,
            0.02815013404825725,
            0.01955790974839541,
            0.016763378465506067,
            0.013815669878203804,
            0.012365505058615417,
            0.011290374314398487,
            0.009711219013544378,
            0.009109668865675357,
            0.007880664227413405,
            0.007106168838409206,
            0.006748807322843831,
            0.009210748690214817,
            0.013076252998973295,
            0.012292714055345403,
            0.011839338205393245,
            0.01119390017584971,
            0.010763460626652788,
            0.010227647641042236,
            0.00978361407485572,
            0.009189337808305865,
            0.00910631298368023,
            0.007860274371501927,
            0.00527864717148588,
            0.005093746613200546,
            0.004870195210303702,
            0.0045235391574678895
        ],
        "time_ms": [
            0.06279995432123542,
            4.1022999794222414,
            12.355299957562238,
            9.152699960395694,
            12.132400006521493,
            15.539899992290884,
            18.21790001122281,
            21.87749999575317,
            23.52170000085607,
            26.617499999701977,
            30.499999993480742,
            36.58359998371452,
            39.30890001356602,
            41.30390001228079,
            46.31780000636354,
            7.198000035714358,
            34.080499957781285,
            37.28339995723218,
            44.231200008653104,
            42.37059998558834,
            44.08390005119145,
            77.74300000164658,
            56.755199970211834,
            54.04259997885674,
            55.13509997399524,
            11.043000034987926,
            11.73430000199005,
            13.847700029145926,
            11.940099997445941,
            12.194500013720244
        ]
    },
    "KNN": {
        "acc": [
            0.0,
            0.83,
            0.83,
            0.8533333333333334,
            0.86,
            0.864,
            0.875,
            0.8742857142857143,
            0.88125,
            0.8855555555555555,
            0.887,
            0.8872727272727273,
            0.8816666666666667,
            0.8876923076923077,
            0.8935714285714286,
            0.8906666666666667,
            0.889375,
            0.8911764705882353,
            0.8927777777777778,
            0.8905263157894737,
            0.89,
            0.8923809523809524,
            0.8931818181818182,
            0.8913043478260869,
            0.8916666666666667,
            0.8916,
            0.8926923076923077,
            0.8925925925925926,
            0.8942857142857142,
            0.8931034482758621
        ],
        "kappa": [
            0.0,
            0.541036717062635,
            0.5481727574750829,
            0.6170583115752829,
            0.6436752354288623,
            0.6665358964299725,
            0.6924212598425197,
            0.6912497368605713,
            0.7062325092382145,
            0.7154696132596684,
            0.7212491982830924,
            0.7194258514931731,
            0.7103459530026112,
            0.728179143979125,
            0.7414143617918026,
            0.7332697228607366,
            0.7327041057102408,
            0.7367707419633472,
            0.7399895217423845,
            0.7341928124445115,
            0.7323858169348688,
            0.7382554110978382,
            0.7397065783246569,
            0.7362743407317172,
            0.7349343750185845,
            0.7354408512127155,
            0.7381752976658835,
            0.7377297376962422,
            0.7423161204149804,
            0.7408022271979482
        ],
        "time_ms": [
            0.05089998012408614,
            33.44410000136122,
            81.86340000247583,
            77.9321999871172,
            100.50829994725063,
            129.94879996404052,
            164.60429999278858,
            185.35120005253702,
            207.52649998757988,
            226.30630002822727,
            270.93650004826486,
            291.27869999501854,
            310.614199959673,
            341.55819995794445,
            358.9869999559596,
            383.15870001679286,
            379.5543999876827,
            391.78009994793683,
            418.49519999232143,
            426.0830000275746,
            445.6885000108741,
            604.1310000000522,
            658.746000030078,
            511.56519999494776,
            548.5219999682158,
            570.3316000290215,
            603.1544000143185,
            746.1552000022493,
            630.543100007344,
            794.4662000518292
        ]
    },
    "SGD": {
        "acc": [
            1.0,
            0.6336633663366337,
            0.6318407960199005,
            0.6843853820598007,
            0.6583541147132169,
            0.6586826347305389,
            0.6638935108153078,
            0.6547788873038516,
            0.6704119850187266,
            0.6759156492785794,
            0.6773226773226774,
            0.6793823796548593,
            0.6736053288925895,
            0.6748654880860876,
            0.6837972876516774,
            0.6875416389073951,
            0.6845721424109932,
            0.6890064667842446,
            0.6951693503609107,
            0.6864807995791689,
            0.6891554222888556,
            0.6930033317467873,
            0.6887778282598819,
            0.6905693176879617,
            0.6913785922532278,
            0.6921231507397041,
            0.6905036524413687,
            0.6864124398370973,
            0.6868975365940736,
            0.687693898655636
        ],
        "kappa": [
            0.0,
            0.030609597924773316,
            0.07396339185655604,
            0.21856639247943624,
            0.1712501319977672,
            0.18531937352009817,
            0.19668356206079676,
            0.17999013911580727,
            0.21139660637702776,
            0.22157984744749715,
            0.23103103007874679,
            0.23578199751063303,
            0.2334175698207587,
            0.24232895289363718,
            0.2592565628114314,
            0.2664231028543025,
            0.2661196258458634,
            0.27770004888491817,
            0.28970150551106,
            0.2762351317857189,
            0.2819880606520721,
            0.2896025187842023,
            0.2828678531626761,
            0.2878310107483131,
            0.28341550511175456,
            0.2861845007179781,
            0.2838761708637689,
            0.27553216115745266,
            0.2781150589282855,
            0.2822930524880888
        ],